"TIME","GEO","TRA_INFR","UNIT","Value","Flag and Footnotes"
"2001","Belgium","Motorways","Kilometre","1,727",""
"2001","Belgium","E-roads","Kilometre",":",""
"2001","Bulgaria","Motorways","Kilometre","328",""
"2001","Bulgaria","E-roads","Kilometre",":",""
"2001","Czechia","Motorways","Kilometre","517.6",""
"2001","Czechia","E-roads","Kilometre","2,601.2",""
"2001","Denmark","Motorways","Kilometre","971",""
"2001","Denmark","E-roads","Kilometre","959",""
"2001","Germany (until 1990 former territory of the FRG)","Motorways","Kilometre","11,786",""
"2001","Germany (until 1990 former territory of the FRG)","E-roads","Kilometre",":",""
"2001","Estonia","Motorways","Kilometre","93",""
"2001","Estonia","E-roads","Kilometre","426.6",""
"2001","Ireland","Motorways","Kilometre","125",""
"2001","Ireland","E-roads","Kilometre",":",""
"2001","Greece","Motorways","Kilometre",":",""
"2001","Greece","E-roads","Kilometre",":",""
"2001","Spain","Motorways","Kilometre","9,571","d"
"2001","Spain","E-roads","Kilometre",":",""
"2001","France","Motorways","Kilometre","10,068",""
"2001","France","E-roads","Kilometre",":",""
"2001","Croatia","Motorways","Kilometre","429",""
"2001","Croatia","E-roads","Kilometre","2,268",""
"2001","Italy","Motorways","Kilometre","6,478",""
"2001","Italy","E-roads","Kilometre",":",""
"2001","Cyprus","Motorways","Kilometre","257",""
"2001","Cyprus","E-roads","Kilometre","0",""
"2001","Latvia","Motorways","Kilometre","0",""
"2001","Latvia","E-roads","Kilometre","202",""
"2001","Lithuania","Motorways","Kilometre","417",""
"2001","Lithuania","E-roads","Kilometre","1,490",""
"2001","Luxembourg","Motorways","Kilometre","115",""
"2001","Luxembourg","E-roads","Kilometre",":",""
"2001","Hungary","Motorways","Kilometre","448",""
"2001","Hungary","E-roads","Kilometre","2,054",""
"2001","Malta","Motorways","Kilometre",":",""
"2001","Malta","E-roads","Kilometre","0",""
"2001","Netherlands","Motorways","Kilometre","2,499",""
"2001","Netherlands","E-roads","Kilometre",":",""
"2001","Austria","Motorways","Kilometre","1,645",""
"2001","Austria","E-roads","Kilometre","2,244",""
"2001","Poland","Motorways","Kilometre","398",""
"2001","Poland","E-roads","Kilometre","5,500",""
"2001","Portugal","Motorways","Kilometre","1,659","d"
"2001","Portugal","E-roads","Kilometre","2,280","d"
"2001","Romania","Motorways","Kilometre","113",""
"2001","Romania","E-roads","Kilometre","5,568",""
"2001","Slovenia","Motorways","Kilometre","435",""
"2001","Slovenia","E-roads","Kilometre","614",""
"2001","Slovakia","Motorways","Kilometre","296.4",""
"2001","Slovakia","E-roads","Kilometre","1,277.9",""
"2001","Finland","Motorways","Kilometre","591",""
"2001","Finland","E-roads","Kilometre","4,241",""
"2001","Sweden","Motorways","Kilometre","1,507",""
"2001","Sweden","E-roads","Kilometre","4,903",""
"2001","United Kingdom","Motorways","Kilometre","3,590.69",""
"2001","United Kingdom","E-roads","Kilometre","3,757","d"
"2001","Iceland","Motorways","Kilometre",":",""
"2001","Iceland","E-roads","Kilometre",":",""
"2001","Norway","Motorways","Kilometre","143",""
"2001","Norway","E-roads","Kilometre",":",""
"2001","Switzerland","Motorways","Kilometre","1,305","d"
"2001","Switzerland","E-roads","Kilometre","1,391",""
"2001","Former Yugoslav Republic of Macedonia, the","Motorways","Kilometre","145",""
"2001","Former Yugoslav Republic of Macedonia, the","E-roads","Kilometre","548",""
"2001","Turkey","Motorways","Kilometre","1,696",""
"2001","Turkey","E-roads","Kilometre","5,953",""
"2002","Belgium","Motorways","Kilometre","1,729",""
"2002","Belgium","E-roads","Kilometre",":",""
"2002","Bulgaria","Motorways","Kilometre","328",""
"2002","Bulgaria","E-roads","Kilometre",":",""
"2002","Czechia","Motorways","Kilometre","517.7",""
"2002","Czechia","E-roads","Kilometre","2,599.4",""
"2002","Denmark","Motorways","Kilometre","1,010",""
"2002","Denmark","E-roads","Kilometre",":",""
"2002","Germany (until 1990 former territory of the FRG)","Motorways","Kilometre","12,037",""
"2002","Germany (until 1990 former territory of the FRG)","E-roads","Kilometre",":",""
"2002","Estonia","Motorways","Kilometre","98",""
"2002","Estonia","E-roads","Kilometre","426.6",""
"2002","Ireland","Motorways","Kilometre","125",""
"2002","Ireland","E-roads","Kilometre",":",""
"2002","Greece","Motorways","Kilometre",":",""
"2002","Greece","E-roads","Kilometre",":",""
"2002","Spain","Motorways","Kilometre","9,739","d"
"2002","Spain","E-roads","Kilometre",":",""
"2002","France","Motorways","Kilometre","10,223",""
"2002","France","E-roads","Kilometre",":",""
"2002","Croatia","Motorways","Kilometre","613","d"
"2002","Croatia","E-roads","Kilometre","2,037",""
"2002","Italy","Motorways","Kilometre","6,487",""
"2002","Italy","E-roads","Kilometre",":",""
"2002","Cyprus","Motorways","Kilometre","268",""
"2002","Cyprus","E-roads","Kilometre","0",""
"2002","Latvia","Motorways","Kilometre","0",""
"2002","Latvia","E-roads","Kilometre","202",""
"2002","Lithuania","Motorways","Kilometre","417",""
"2002","Lithuania","E-roads","Kilometre","1,519",""
"2002","Luxembourg","Motorways","Kilometre","126",""
"2002","Luxembourg","E-roads","Kilometre",":",""
"2002","Hungary","Motorways","Kilometre","533",""
"2002","Hungary","E-roads","Kilometre","2,048",""
"2002","Malta","Motorways","Kilometre",":",""
"2002","Malta","E-roads","Kilometre","0",""
"2002","Netherlands","Motorways","Kilometre","2,516",""
"2002","Netherlands","E-roads","Kilometre",":",""
"2002","Austria","Motorways","Kilometre","1,645",""
"2002","Austria","E-roads","Kilometre","2,244",""
"2002","Poland","Motorways","Kilometre","405",""
"2002","Poland","E-roads","Kilometre","5,500",""
"2002","Portugal","Motorways","Kilometre","1,835","d"
"2002","Portugal","E-roads","Kilometre","2,303","d"
"2002","Romania","Motorways","Kilometre","113",""
"2002","Romania","E-roads","Kilometre","5,568",""
"2002","Slovenia","Motorways","Kilometre","456",""
"2002","Slovenia","E-roads","Kilometre","618",""
"2002","Slovakia","Motorways","Kilometre","301.6",""
"2002","Slovakia","E-roads","Kilometre","1,240.6",""
"2002","Finland","Motorways","Kilometre","603",""
"2002","Finland","E-roads","Kilometre","4,241",""
"2002","Sweden","Motorways","Kilometre","1,544",""
"2002","Sweden","E-roads","Kilometre","5,293",""
"2002","United Kingdom","Motorways","Kilometre","3,592.09",""
"2002","United Kingdom","E-roads","Kilometre","3,757","d"
"2002","Iceland","Motorways","Kilometre",":",""
"2002","Iceland","E-roads","Kilometre",":",""
"2002","Norway","Motorways","Kilometre","173",""
"2002","Norway","E-roads","Kilometre",":",""
"2002","Switzerland","Motorways","Kilometre","1,342","d"
"2002","Switzerland","E-roads","Kilometre","1,391",""
"2002","Former Yugoslav Republic of Macedonia, the","Motorways","Kilometre","208",""
"2002","Former Yugoslav Republic of Macedonia, the","E-roads","Kilometre","548",""
"2002","Turkey","Motorways","Kilometre","1,714",""
"2002","Turkey","E-roads","Kilometre","5,953",""
"2003","Belgium","Motorways","Kilometre","1,729",""
"2003","Belgium","E-roads","Kilometre",":",""
"2003","Bulgaria","Motorways","Kilometre","328",""
"2003","Bulgaria","E-roads","Kilometre",":",""
"2003","Czechia","Motorways","Kilometre","518",""
"2003","Czechia","E-roads","Kilometre","2,599",""
"2003","Denmark","Motorways","Kilometre",":",""
"2003","Denmark","E-roads","Kilometre",":",""
"2003","Germany (until 1990 former territory of the FRG)","Motorways","Kilometre","12,044",""
"2003","Germany (until 1990 former territory of the FRG)","E-roads","Kilometre",":",""
"2003","Estonia","Motorways","Kilometre","98",""
"2003","Estonia","E-roads","Kilometre","426.6",""
"2003","Ireland","Motorways","Kilometre","176",""
"2003","Ireland","E-roads","Kilometre",":",""
"2003","Greece","Motorways","Kilometre",":",""
"2003","Greece","E-roads","Kilometre",":",""
"2003","Spain","Motorways","Kilometre","10,296",""
"2003","Spain","E-roads","Kilometre",":",""
"2003","France","Motorways","Kilometre","10,379",""
"2003","France","E-roads","Kilometre",":",""
"2003","Croatia","Motorways","Kilometre","754","d"
"2003","Croatia","E-roads","Kilometre","2,037",""
"2003","Italy","Motorways","Kilometre","6,487",""
"2003","Italy","E-roads","Kilometre",":",""
"2003","Cyprus","Motorways","Kilometre","268",""
"2003","Cyprus","E-roads","Kilometre","0",""
"2003","Latvia","Motorways","Kilometre","0",""
"2003","Latvia","E-roads","Kilometre","202",""
"2003","Lithuania","Motorways","Kilometre","417",""
"2003","Lithuania","E-roads","Kilometre","1,496",""
"2003","Luxembourg","Motorways","Kilometre","147",""
"2003","Luxembourg","E-roads","Kilometre",":",""
"2003","Hungary","Motorways","Kilometre","542",""
"2003","Hungary","E-roads","Kilometre","2,015",""
"2003","Malta","Motorways","Kilometre",":",""
"2003","Malta","E-roads","Kilometre",":",""
"2003","Netherlands","Motorways","Kilometre","2,542",""
"2003","Netherlands","E-roads","Kilometre",":",""
"2003","Austria","Motorways","Kilometre","1,670",""
"2003","Austria","E-roads","Kilometre","2,246",""
"2003","Poland","Motorways","Kilometre","405",""
"2003","Poland","E-roads","Kilometre","5,500",""
"2003","Portugal","Motorways","Kilometre",":",""
"2003","Portugal","E-roads","Kilometre",":",""
"2003","Romania","Motorways","Kilometre","113",""
"2003","Romania","E-roads","Kilometre","5,827",""
"2003","Slovenia","Motorways","Kilometre","478",""
"2003","Slovenia","E-roads","Kilometre","613",""
"2003","Slovakia","Motorways","Kilometre","312.8",""
"2003","Slovakia","E-roads","Kilometre","1,535.1",""
"2003","Finland","Motorways","Kilometre","653",""
"2003","Finland","E-roads","Kilometre","4,266",""
"2003","Sweden","Motorways","Kilometre","1,591",""
"2003","Sweden","E-roads","Kilometre","5,293",""
"2003","United Kingdom","Motorways","Kilometre","3,592.09",""
"2003","United Kingdom","E-roads","Kilometre","3,757","d"
"2003","Iceland","Motorways","Kilometre",":",""
"2003","Iceland","E-roads","Kilometre",":",""
"2003","Norway","Motorways","Kilometre",":",""
"2003","Norway","E-roads","Kilometre",":",""
"2003","Switzerland","Motorways","Kilometre","1,351","d"
"2003","Switzerland","E-roads","Kilometre","1,391",""
"2003","Former Yugoslav Republic of Macedonia, the","Motorways","Kilometre",":",""
"2003","Former Yugoslav Republic of Macedonia, the","E-roads","Kilometre",":",""
"2003","Turkey","Motorways","Kilometre","1,753",""
"2003","Turkey","E-roads","Kilometre","5,953",""
"2004","Belgium","Motorways","Kilometre","1,747",""
"2004","Belgium","E-roads","Kilometre",":",""
"2004","Bulgaria","Motorways","Kilometre","331",""
"2004","Bulgaria","E-roads","Kilometre",":",""
"2004","Czechia","Motorways","Kilometre","546",""
"2004","Czechia","E-roads","Kilometre","2,601",""
"2004","Denmark","Motorways","Kilometre",":",""
"2004","Denmark","E-roads","Kilometre",":",""
"2004","Germany (until 1990 former territory of the FRG)","Motorways","Kilometre","12,174",""
"2004","Germany (until 1990 former territory of the FRG)","E-roads","Kilometre",":",""
"2004","Estonia","Motorways","Kilometre","96",""
"2004","Estonia","E-roads","Kilometre",":",""
"2004","Ireland","Motorways","Kilometre","192",""
"2004","Ireland","E-roads","Kilometre",":",""
"2004","Greece","Motorways","Kilometre",":",""
"2004","Greece","E-roads","Kilometre",":",""
"2004","Spain","Motorways","Kilometre","10,747","d"
"2004","Spain","E-roads","Kilometre",":",""
"2004","France","Motorways","Kilometre","10,486",""
"2004","France","E-roads","Kilometre",":",""
"2004","Croatia","Motorways","Kilometre","925","d"
"2004","Croatia","E-roads","Kilometre","2,037",""
"2004","Italy","Motorways","Kilometre","6,532",""
"2004","Italy","E-roads","Kilometre",":",""
"2004","Cyprus","Motorways","Kilometre","268",""
"2004","Cyprus","E-roads","Kilometre",":",""
"2004","Latvia","Motorways","Kilometre","0",""
"2004","Latvia","E-roads","Kilometre","202",""
"2004","Lithuania","Motorways","Kilometre","417",""
"2004","Lithuania","E-roads","Kilometre","1,670",""
"2004","Luxembourg","Motorways","Kilometre","146",""
"2004","Luxembourg","E-roads","Kilometre",":",""
"2004","Hungary","Motorways","Kilometre","569",""
"2004","Hungary","E-roads","Kilometre","2,101",""
"2004","Malta","Motorways","Kilometre",":",""
"2004","Malta","E-roads","Kilometre",":",""
"2004","Netherlands","Motorways","Kilometre","2,585",""
"2004","Netherlands","E-roads","Kilometre",":",""
"2004","Austria","Motorways","Kilometre","1,677",""
"2004","Austria","E-roads","Kilometre","2,242",""
"2004","Poland","Motorways","Kilometre","552",""
"2004","Poland","E-roads","Kilometre","5,500",""
"2004","Portugal","Motorways","Kilometre",":",""
"2004","Portugal","E-roads","Kilometre",":",""
"2004","Romania","Motorways","Kilometre","228",""
"2004","Romania","E-roads","Kilometre","5,868",""
"2004","Slovenia","Motorways","Kilometre","483",""
"2004","Slovenia","E-roads","Kilometre","618",""
"2004","Slovakia","Motorways","Kilometre","316.2",""
"2004","Slovakia","E-roads","Kilometre","1,535.3",""
"2004","Finland","Motorways","Kilometre","653",""
"2004","Finland","E-roads","Kilometre","4,266",""
"2004","Sweden","Motorways","Kilometre","1,684",""
"2004","Sweden","E-roads","Kilometre","5,293",""
"2004","United Kingdom","Motorways","Kilometre","3,637.99",""
"2004","United Kingdom","E-roads","Kilometre","3,756","d"
"2004","Iceland","Motorways","Kilometre","0",""
"2004","Iceland","E-roads","Kilometre","0",""
"2004","Norway","Motorways","Kilometre","193",""
"2004","Norway","E-roads","Kilometre",":",""
"2004","Switzerland","Motorways","Kilometre","1,341",""
"2004","Switzerland","E-roads","Kilometre","1,391",""
"2004","Former Yugoslav Republic of Macedonia, the","Motorways","Kilometre",":",""
"2004","Former Yugoslav Republic of Macedonia, the","E-roads","Kilometre",":",""
"2004","Turkey","Motorways","Kilometre","1,662",""
"2004","Turkey","E-roads","Kilometre","7,035",""
"2005","Belgium","Motorways","Kilometre","1,747",""
"2005","Belgium","E-roads","Kilometre",":",""
"2005","Bulgaria","Motorways","Kilometre","331",""
"2005","Bulgaria","E-roads","Kilometre",":",""
"2005","Czechia","Motorways","Kilometre","564",""
"2005","Czechia","E-roads","Kilometre","2,601",""
"2005","Denmark","Motorways","Kilometre",":",""
"2005","Denmark","E-roads","Kilometre",":",""
"2005","Germany (until 1990 former territory of the FRG)","Motorways","Kilometre","12,363",""
"2005","Germany (until 1990 former territory of the FRG)","E-roads","Kilometre",":",""
"2005","Estonia","Motorways","Kilometre","99",""
"2005","Estonia","E-roads","Kilometre",":",""
"2005","Ireland","Motorways","Kilometre","247",""
"2005","Ireland","E-roads","Kilometre",":",""
"2005","Greece","Motorways","Kilometre",":",""
"2005","Greece","E-roads","Kilometre",":",""
"2005","Spain","Motorways","Kilometre","11,432","d"
"2005","Spain","E-roads","Kilometre",":",""
"2005","France","Motorways","Kilometre","10,800",""
"2005","France","E-roads","Kilometre","13,218",""
"2005","Croatia","Motorways","Kilometre","1,016","d"
"2005","Croatia","E-roads","Kilometre","2,037",""
"2005","Italy","Motorways","Kilometre","6,542",""
"2005","Italy","E-roads","Kilometre",":",""
"2005","Cyprus","Motorways","Kilometre","276",""
"2005","Cyprus","E-roads","Kilometre",":",""
"2005","Latvia","Motorways","Kilometre","0",""
"2005","Latvia","E-roads","Kilometre","202",""
"2005","Lithuania","Motorways","Kilometre","417",""
"2005","Lithuania","E-roads","Kilometre","1,670",""
"2005","Luxembourg","Motorways","Kilometre","147",""
"2005","Luxembourg","E-roads","Kilometre",":",""
"2005","Hungary","Motorways","Kilometre","636",""
"2005","Hungary","E-roads","Kilometre","2,115",""
"2005","Malta","Motorways","Kilometre",":",""
"2005","Malta","E-roads","Kilometre",":",""
"2005","Netherlands","Motorways","Kilometre","2,600",""
"2005","Netherlands","E-roads","Kilometre",":",""
"2005","Austria","Motorways","Kilometre","1,677",""
"2005","Austria","E-roads","Kilometre","2,236",""
"2005","Poland","Motorways","Kilometre","552",""
"2005","Poland","E-roads","Kilometre","5,500",""
"2005","Portugal","Motorways","Kilometre",":",""
"2005","Portugal","E-roads","Kilometre",":",""
"2005","Romania","Motorways","Kilometre","228",""
"2005","Romania","E-roads","Kilometre","5,873",""
"2005","Slovenia","Motorways","Kilometre","569",""
"2005","Slovenia","E-roads","Kilometre","624",""
"2005","Slovakia","Motorways","Kilometre","327.5",""
"2005","Slovakia","E-roads","Kilometre","1,537.5",""
"2005","Finland","Motorways","Kilometre","693",""
"2005","Finland","E-roads","Kilometre","4,267",""
"2005","Sweden","Motorways","Kilometre","1,677",""
"2005","Sweden","E-roads","Kilometre","5,293",""
"2005","United Kingdom","Motorways","Kilometre","3,632.69",""
"2005","United Kingdom","E-roads","Kilometre","3,756","d"
"2005","Iceland","Motorways","Kilometre","11",""
"2005","Iceland","E-roads","Kilometre","0",""
"2005","Norway","Motorways","Kilometre","264",""
"2005","Norway","E-roads","Kilometre",":",""
"2005","Switzerland","Motorways","Kilometre","1,358",""
"2005","Switzerland","E-roads","Kilometre","1,466",""
"2005","Former Yugoslav Republic of Macedonia, the","Motorways","Kilometre","216",""
"2005","Former Yugoslav Republic of Macedonia, the","E-roads","Kilometre","548",""
"2005","Turkey","Motorways","Kilometre","1,667",""
"2005","Turkey","E-roads","Kilometre","8,875",""
"2006","Belgium","Motorways","Kilometre","1,763",""
"2006","Belgium","E-roads","Kilometre",":",""
"2006","Bulgaria","Motorways","Kilometre","394",""
"2006","Bulgaria","E-roads","Kilometre",":",""
"2006","Czechia","Motorways","Kilometre","633",""
"2006","Czechia","E-roads","Kilometre","2,599",""
"2006","Denmark","Motorways","Kilometre","1,071",""
"2006","Denmark","E-roads","Kilometre",":",""
"2006","Germany (until 1990 former territory of the FRG)","Motorways","Kilometre","12,531",""
"2006","Germany (until 1990 former territory of the FRG)","E-roads","Kilometre",":",""
"2006","Estonia","Motorways","Kilometre","99",""
"2006","Estonia","E-roads","Kilometre",":",""
"2006","Ireland","Motorways","Kilometre",":",""
"2006","Ireland","E-roads","Kilometre",":",""
"2006","Greece","Motorways","Kilometre",":",""
"2006","Greece","E-roads","Kilometre",":",""
"2006","Spain","Motorways","Kilometre","12,073","d"
"2006","Spain","E-roads","Kilometre",":",""
"2006","France","Motorways","Kilometre","10,848",""
"2006","France","E-roads","Kilometre","13,218",""
"2006","Croatia","Motorways","Kilometre","1,081","d"
"2006","Croatia","E-roads","Kilometre","2,049",""
"2006","Italy","Motorways","Kilometre","6,554",""
"2006","Italy","E-roads","Kilometre",":",""
"2006","Cyprus","Motorways","Kilometre","257",""
"2006","Cyprus","E-roads","Kilometre",":",""
"2006","Latvia","Motorways","Kilometre","0",""
"2006","Latvia","E-roads","Kilometre","202",""
"2006","Lithuania","Motorways","Kilometre","309",""
"2006","Lithuania","E-roads","Kilometre","1,649",""
"2006","Luxembourg","Motorways","Kilometre","147",""
"2006","Luxembourg","E-roads","Kilometre",":",""
"2006","Hungary","Motorways","Kilometre","785",""
"2006","Hungary","E-roads","Kilometre","2,133",""
"2006","Malta","Motorways","Kilometre",":",""
"2006","Malta","E-roads","Kilometre",":",""
"2006","Netherlands","Motorways","Kilometre","2,604",""
"2006","Netherlands","E-roads","Kilometre",":",""
"2006","Austria","Motorways","Kilometre","1,678",""
"2006","Austria","E-roads","Kilometre","2,235",""
"2006","Poland","Motorways","Kilometre","663",""
"2006","Poland","E-roads","Kilometre","5,500",""
"2006","Portugal","Motorways","Kilometre","2,545","d"
"2006","Portugal","E-roads","Kilometre","2,262","d"
"2006","Romania","Motorways","Kilometre","228",""
"2006","Romania","E-roads","Kilometre","5,883",""
"2006","Slovenia","Motorways","Kilometre","579",""
"2006","Slovenia","E-roads","Kilometre","614",""
"2006","Slovakia","Motorways","Kilometre","327.5",""
"2006","Slovakia","E-roads","Kilometre","1,537.1",""
"2006","Finland","Motorways","Kilometre","700",""
"2006","Finland","E-roads","Kilometre","4,279",""
"2006","Sweden","Motorways","Kilometre","1,744",""
"2006","Sweden","E-roads","Kilometre","5,293",""
"2006","United Kingdom","Motorways","Kilometre","3,669.64",""
"2006","United Kingdom","E-roads","Kilometre","3,756","d"
"2006","Iceland","Motorways","Kilometre",":",""
"2006","Iceland","E-roads","Kilometre",":",""
"2006","Norway","Motorways","Kilometre","271",""
"2006","Norway","E-roads","Kilometre",":",""
"2006","Switzerland","Motorways","Kilometre","1,361",""
"2006","Switzerland","E-roads","Kilometre","1,466",""
"2006","Former Yugoslav Republic of Macedonia, the","Motorways","Kilometre","216",""
"2006","Former Yugoslav Republic of Macedonia, the","E-roads","Kilometre","548",""
"2006","Turkey","Motorways","Kilometre","1,908",""
"2006","Turkey","E-roads","Kilometre","8,878",""
"2007","Belgium","Motorways","Kilometre","1,763",""
"2007","Belgium","E-roads","Kilometre",":",""
"2007","Bulgaria","Motorways","Kilometre","418",""
"2007","Bulgaria","E-roads","Kilometre",":",""
"2007","Czechia","Motorways","Kilometre","657",""
"2007","Czechia","E-roads","Kilometre","2,595",""
"2007","Denmark","Motorways","Kilometre","1,111",""
"2007","Denmark","E-roads","Kilometre","936",""
"2007","Germany (until 1990 former territory of the FRG)","Motorways","Kilometre","12,594",""
"2007","Germany (until 1990 former territory of the FRG)","E-roads","Kilometre",":",""
"2007","Estonia","Motorways","Kilometre","96",""
"2007","Estonia","E-roads","Kilometre",":",""
"2007","Ireland","Motorways","Kilometre","269",""
"2007","Ireland","E-roads","Kilometre",":",""
"2007","Greece","Motorways","Kilometre",":",""
"2007","Greece","E-roads","Kilometre",":",""
"2007","Spain","Motorways","Kilometre","13,013","d"
"2007","Spain","E-roads","Kilometre",":",""
"2007","France","Motorways","Kilometre","10,958",""
"2007","France","E-roads","Kilometre","13,218",""
"2007","Croatia","Motorways","Kilometre","1,156","d"
"2007","Croatia","E-roads","Kilometre","2,256",""
"2007","Italy","Motorways","Kilometre","6,588",""
"2007","Italy","E-roads","Kilometre",":",""
"2007","Cyprus","Motorways","Kilometre","257",""
"2007","Cyprus","E-roads","Kilometre",":",""
"2007","Latvia","Motorways","Kilometre","0",""
"2007","Latvia","E-roads","Kilometre","202",""
"2007","Lithuania","Motorways","Kilometre","309",""
"2007","Lithuania","E-roads","Kilometre","1,649",""
"2007","Luxembourg","Motorways","Kilometre","147",""
"2007","Luxembourg","E-roads","Kilometre",":",""
"2007","Hungary","Motorways","Kilometre","858",""
"2007","Hungary","E-roads","Kilometre","2,195",""
"2007","Malta","Motorways","Kilometre",":",""
"2007","Malta","E-roads","Kilometre",":",""
"2007","Netherlands","Motorways","Kilometre","2,582",""
"2007","Netherlands","E-roads","Kilometre",":",""
"2007","Austria","Motorways","Kilometre","1,696",""
"2007","Austria","E-roads","Kilometre","2,250",""
"2007","Poland","Motorways","Kilometre","663",""
"2007","Poland","E-roads","Kilometre","5,500",""
"2007","Portugal","Motorways","Kilometre","2,613","d"
"2007","Portugal","E-roads","Kilometre","2,258","d"
"2007","Romania","Motorways","Kilometre","281",""
"2007","Romania","E-roads","Kilometre","5,983",""
"2007","Slovenia","Motorways","Kilometre","578",""
"2007","Slovenia","E-roads","Kilometre","614",""
"2007","Slovakia","Motorways","Kilometre","364.5",""
"2007","Slovakia","E-roads","Kilometre","1,559.5",""
"2007","Finland","Motorways","Kilometre","700",""
"2007","Finland","E-roads","Kilometre","4,279",""
"2007","Sweden","Motorways","Kilometre","1,836",""
"2007","Sweden","E-roads","Kilometre","6,406",""
"2007","United Kingdom","Motorways","Kilometre","3,673.64","d"
"2007","United Kingdom","E-roads","Kilometre","3,756","d"
"2007","Iceland","Motorways","Kilometre",":",""
"2007","Iceland","E-roads","Kilometre",":",""
"2007","Norway","Motorways","Kilometre","239",""
"2007","Norway","E-roads","Kilometre",":",""
"2007","Switzerland","Motorways","Kilometre","1,383",""
"2007","Switzerland","E-roads","Kilometre","1,466",""
"2007","Former Yugoslav Republic of Macedonia, the","Motorways","Kilometre","221",""
"2007","Former Yugoslav Republic of Macedonia, the","E-roads","Kilometre","553",""
"2007","Turkey","Motorways","Kilometre","1,908",""
"2007","Turkey","E-roads","Kilometre","8,878",""
"2008","Belgium","Motorways","Kilometre","1,763",""
"2008","Belgium","E-roads","Kilometre",":",""
"2008","Bulgaria","Motorways","Kilometre","418",""
"2008","Bulgaria","E-roads","Kilometre",":",""
"2008","Czechia","Motorways","Kilometre","691",""
"2008","Czechia","E-roads","Kilometre","2,604",""
"2008","Denmark","Motorways","Kilometre","1,128",""
"2008","Denmark","E-roads","Kilometre","936",""
"2008","Germany (until 1990 former territory of the FRG)","Motorways","Kilometre","12,645",""
"2008","Germany (until 1990 former territory of the FRG)","E-roads","Kilometre",":",""
"2008","Estonia","Motorways","Kilometre","104",""
"2008","Estonia","E-roads","Kilometre",":",""
"2008","Ireland","Motorways","Kilometre","423",""
"2008","Ireland","E-roads","Kilometre",":",""
"2008","Greece","Motorways","Kilometre",":",""
"2008","Greece","E-roads","Kilometre",":",""
"2008","Spain","Motorways","Kilometre","13,518","d"
"2008","Spain","E-roads","Kilometre",":",""
"2008","France","Motorways","Kilometre","11,042",""
"2008","France","E-roads","Kilometre","13,218",""
"2008","Croatia","Motorways","Kilometre","1,199","d"
"2008","Croatia","E-roads","Kilometre","2,256",""
"2008","Italy","Motorways","Kilometre","6,629",""
"2008","Italy","E-roads","Kilometre",":",""
"2008","Cyprus","Motorways","Kilometre","257",""
"2008","Cyprus","E-roads","Kilometre",":",""
"2008","Latvia","Motorways","Kilometre","0",""
"2008","Latvia","E-roads","Kilometre","202",""
"2008","Lithuania","Motorways","Kilometre","309",""
"2008","Lithuania","E-roads","Kilometre","1,649",""
"2008","Luxembourg","Motorways","Kilometre","147",""
"2008","Luxembourg","E-roads","Kilometre",":",""
"2008","Hungary","Motorways","Kilometre","1,273.7",""
"2008","Hungary","E-roads","Kilometre","2,237.8",""
"2008","Malta","Motorways","Kilometre",":",""
"2008","Malta","E-roads","Kilometre",":",""
"2008","Netherlands","Motorways","Kilometre","2,637",""
"2008","Netherlands","E-roads","Kilometre",":",""
"2008","Austria","Motorways","Kilometre","1,696",""
"2008","Austria","E-roads","Kilometre","2,236",""
"2008","Poland","Motorways","Kilometre","765",""
"2008","Poland","E-roads","Kilometre","5,500",""
"2008","Portugal","Motorways","Kilometre","2,673","d"
"2008","Portugal","E-roads","Kilometre","2,258","d"
"2008","Romania","Motorways","Kilometre","281",""
"2008","Romania","E-roads","Kilometre","6,073",""
"2008","Slovenia","Motorways","Kilometre","696",""
"2008","Slovenia","E-roads","Kilometre","628",""
"2008","Slovakia","Motorways","Kilometre","384",""
"2008","Slovakia","E-roads","Kilometre","1,538.8",""
"2008","Finland","Motorways","Kilometre","739",""
"2008","Finland","E-roads","Kilometre","4,279",""
"2008","Sweden","Motorways","Kilometre","1,857",""
"2008","Sweden","E-roads","Kilometre","6,389",""
"2008","United Kingdom","Motorways","Kilometre","3,672.81",""
"2008","United Kingdom","E-roads","Kilometre","3,756","d"
"2008","Iceland","Motorways","Kilometre",":",""
"2008","Iceland","E-roads","Kilometre",":",""
"2008","Norway","Motorways","Kilometre","253",""
"2008","Norway","E-roads","Kilometre",":",""
"2008","Switzerland","Motorways","Kilometre","1,383",""
"2008","Switzerland","E-roads","Kilometre","1,466",""
"2008","Former Yugoslav Republic of Macedonia, the","Motorways","Kilometre","237",""
"2008","Former Yugoslav Republic of Macedonia, the","E-roads","Kilometre","553",""
"2008","Turkey","Motorways","Kilometre","1,922",""
"2008","Turkey","E-roads","Kilometre","8,878",""
"2009","Belgium","Motorways","Kilometre","1,763",""
"2009","Belgium","E-roads","Kilometre",":",""
"2009","Bulgaria","Motorways","Kilometre","418",""
"2009","Bulgaria","E-roads","Kilometre",":",""
"2009","Czechia","Motorways","Kilometre","729",""
"2009","Czechia","E-roads","Kilometre","2,603",""
"2009","Denmark","Motorways","Kilometre",":",""
"2009","Denmark","E-roads","Kilometre",":",""
"2009","Germany (until 1990 former territory of the FRG)","Motorways","Kilometre","12,813",""
"2009","Germany (until 1990 former territory of the FRG)","E-roads","Kilometre",":",""
"2009","Estonia","Motorways","Kilometre","100",""
"2009","Estonia","E-roads","Kilometre",":",""
"2009","Ireland","Motorways","Kilometre","663",""
"2009","Ireland","E-roads","Kilometre",":",""
"2009","Greece","Motorways","Kilometre",":",""
"2009","Greece","E-roads","Kilometre",":",""
"2009","Spain","Motorways","Kilometre","14,021","d"
"2009","Spain","E-roads","Kilometre",":",""
"2009","France","Motorways","Kilometre","11,163",""
"2009","France","E-roads","Kilometre","13,218",""
"2009","Croatia","Motorways","Kilometre","1,244","d"
"2009","Croatia","E-roads","Kilometre","2,251",""
"2009","Italy","Motorways","Kilometre","6,661",""
"2009","Italy","E-roads","Kilometre",":",""
"2009","Cyprus","Motorways","Kilometre","257",""
"2009","Cyprus","E-roads","Kilometre",":",""
"2009","Latvia","Motorways","Kilometre","0",""
"2009","Latvia","E-roads","Kilometre","202",""
"2009","Lithuania","Motorways","Kilometre","309",""
"2009","Lithuania","E-roads","Kilometre","1,650",""
"2009","Luxembourg","Motorways","Kilometre","152",""
"2009","Luxembourg","E-roads","Kilometre",":",""
"2009","Hungary","Motorways","Kilometre","1,273",""
"2009","Hungary","E-roads","Kilometre","2,240",""
"2009","Malta","Motorways","Kilometre",":",""
"2009","Malta","E-roads","Kilometre",":",""
"2009","Netherlands","Motorways","Kilometre","2,631",""
"2009","Netherlands","E-roads","Kilometre",":",""
"2009","Austria","Motorways","Kilometre","1,696",""
"2009","Austria","E-roads","Kilometre","2,242",""
"2009","Poland","Motorways","Kilometre","849",""
"2009","Poland","E-roads","Kilometre","5,500",""
"2009","Portugal","Motorways","Kilometre","2,705","d"
"2009","Portugal","E-roads","Kilometre","2,254","d"
"2009","Romania","Motorways","Kilometre","321",""
"2009","Romania","E-roads","Kilometre","6,180",""
"2009","Slovenia","Motorways","Kilometre","747",""
"2009","Slovenia","E-roads","Kilometre","628",""
"2009","Slovakia","Motorways","Kilometre","391",""
"2009","Slovakia","E-roads","Kilometre","1,536.6",""
"2009","Finland","Motorways","Kilometre","765",""
"2009","Finland","E-roads","Kilometre","4,283",""
"2009","Sweden","Motorways","Kilometre","1,923",""
"2009","Sweden","E-roads","Kilometre","6,459",""
"2009","United Kingdom","Motorways","Kilometre","3,673.91",""
"2009","United Kingdom","E-roads","Kilometre","3,756",""
"2009","Iceland","Motorways","Kilometre",":",""
"2009","Iceland","E-roads","Kilometre",":",""
"2009","Norway","Motorways","Kilometre","344",""
"2009","Norway","E-roads","Kilometre",":",""
"2009","Switzerland","Motorways","Kilometre","1,406",""
"2009","Switzerland","E-roads","Kilometre","1,466",""
"2009","Former Yugoslav Republic of Macedonia, the","Motorways","Kilometre","251",""
"2009","Former Yugoslav Republic of Macedonia, the","E-roads","Kilometre","553",""
"2009","Turkey","Motorways","Kilometre","2,036",""
"2009","Turkey","E-roads","Kilometre","9,347",""
"2010","Belgium","Motorways","Kilometre","1,763",""
"2010","Belgium","E-roads","Kilometre",":",""
"2010","Bulgaria","Motorways","Kilometre","437",""
"2010","Bulgaria","E-roads","Kilometre",":",""
"2010","Czechia","Motorways","Kilometre","734",""
"2010","Czechia","E-roads","Kilometre","2,636",""
"2010","Denmark","Motorways","Kilometre",":",""
"2010","Denmark","E-roads","Kilometre",":",""
"2010","Germany (until 1990 former territory of the FRG)","Motorways","Kilometre","12,819",""
"2010","Germany (until 1990 former territory of the FRG)","E-roads","Kilometre",":",""
"2010","Estonia","Motorways","Kilometre","115",""
"2010","Estonia","E-roads","Kilometre","995",""
"2010","Ireland","Motorways","Kilometre","900.27",""
"2010","Ireland","E-roads","Kilometre",":",""
"2010","Greece","Motorways","Kilometre",":",""
"2010","Greece","E-roads","Kilometre",":",""
"2010","Spain","Motorways","Kilometre","14,262","d"
"2010","Spain","E-roads","Kilometre",":",""
"2010","France","Motorways","Kilometre","11,392",""
"2010","France","E-roads","Kilometre","13,175",""
"2010","Croatia","Motorways","Kilometre","1,244","d"
"2010","Croatia","E-roads","Kilometre","2,238",""
"2010","Italy","Motorways","Kilometre","6,668",""
"2010","Italy","E-roads","Kilometre",":",""
"2010","Cyprus","Motorways","Kilometre","257",""
"2010","Cyprus","E-roads","Kilometre",":",""
"2010","Latvia","Motorways","Kilometre","0",""
"2010","Latvia","E-roads","Kilometre","202",""
"2010","Lithuania","Motorways","Kilometre","309",""
"2010","Lithuania","E-roads","Kilometre","1,643",""
"2010","Luxembourg","Motorways","Kilometre","152",""
"2010","Luxembourg","E-roads","Kilometre",":",""
"2010","Hungary","Motorways","Kilometre","1,477",""
"2010","Hungary","E-roads","Kilometre","2,254.3",""
"2010","Malta","Motorways","Kilometre",":",""
"2010","Malta","E-roads","Kilometre",":",""
"2010","Netherlands","Motorways","Kilometre","2,646",""
"2010","Netherlands","E-roads","Kilometre",":",""
"2010","Austria","Motorways","Kilometre","1,719",""
"2010","Austria","E-roads","Kilometre","2,242",""
"2010","Poland","Motorways","Kilometre","857",""
"2010","Poland","E-roads","Kilometre","5,500",""
"2010","Portugal","Motorways","Kilometre","2,737","d"
"2010","Portugal","E-roads","Kilometre","2,251","d"
"2010","Romania","Motorways","Kilometre","332",""
"2010","Romania","E-roads","Kilometre","6,188",""
"2010","Slovenia","Motorways","Kilometre","768",""
"2010","Slovenia","E-roads","Kilometre","725",""
"2010","Slovakia","Motorways","Kilometre","415.7",""
"2010","Slovakia","E-roads","Kilometre","1,124",""
"2010","Finland","Motorways","Kilometre","779",""
"2010","Finland","E-roads","Kilometre","4,176",""
"2010","Sweden","Motorways","Kilometre","1,971",""
"2010","Sweden","E-roads","Kilometre","6,454",""
"2010","United Kingdom","Motorways","Kilometre","3,671.81",""
"2010","United Kingdom","E-roads","Kilometre","3,792","d"
"2010","Iceland","Motorways","Kilometre",":",""
"2010","Iceland","E-roads","Kilometre",":",""
"2010","Norway","Motorways","Kilometre","381",""
"2010","Norway","E-roads","Kilometre",":",""
"2010","Switzerland","Motorways","Kilometre","1,406",""
"2010","Switzerland","E-roads","Kilometre","1,466",""
"2010","Former Yugoslav Republic of Macedonia, the","Motorways","Kilometre","251",""
"2010","Former Yugoslav Republic of Macedonia, the","E-roads","Kilometre","553",""
"2010","Turkey","Motorways","Kilometre","2,080",""
"2010","Turkey","E-roads","Kilometre",":",""
"2011","Belgium","Motorways","Kilometre",":",""
"2011","Belgium","E-roads","Kilometre",":",""
"2011","Bulgaria","Motorways","Kilometre","458",""
"2011","Bulgaria","E-roads","Kilometre","2,977",""
"2011","Czechia","Motorways","Kilometre","745",""
"2011","Czechia","E-roads","Kilometre","2,634",""
"2011","Denmark","Motorways","Kilometre",":",""
"2011","Denmark","E-roads","Kilometre",":",""
"2011","Germany (until 1990 former territory of the FRG)","Motorways","Kilometre","12,845",""
"2011","Germany (until 1990 former territory of the FRG)","E-roads","Kilometre",":",""
"2011","Estonia","Motorways","Kilometre","115","d"
"2011","Estonia","E-roads","Kilometre","995",""
"2011","Ireland","Motorways","Kilometre","900",""
"2011","Ireland","E-roads","Kilometre",":",""
"2011","Greece","Motorways","Kilometre",":",""
"2011","Greece","E-roads","Kilometre",":",""
"2011","Spain","Motorways","Kilometre","14,531","d"
"2011","Spain","E-roads","Kilometre",":",""
"2011","France","Motorways","Kilometre","11,413",""
"2011","France","E-roads","Kilometre","13,175",""
"2011","Croatia","Motorways","Kilometre","1,254",""
"2011","Croatia","E-roads","Kilometre","2,250",""
"2011","Italy","Motorways","Kilometre","6,668",""
"2011","Italy","E-roads","Kilometre",":",""
"2011","Cyprus","Motorways","Kilometre","257",""
"2011","Cyprus","E-roads","Kilometre",":",""
"2011","Latvia","Motorways","Kilometre","0",""
"2011","Latvia","E-roads","Kilometre","202",""
"2011","Lithuania","Motorways","Kilometre","309",""
"2011","Lithuania","E-roads","Kilometre","1,642",""
"2011","Luxembourg","Motorways","Kilometre","152",""
"2011","Luxembourg","E-roads","Kilometre",":",""
"2011","Hungary","Motorways","Kilometre","1,515.5",""
"2011","Hungary","E-roads","Kilometre","2,253.6",""
"2011","Malta","Motorways","Kilometre",":",""
"2011","Malta","E-roads","Kilometre",":",""
"2011","Netherlands","Motorways","Kilometre","2,651",""
"2011","Netherlands","E-roads","Kilometre",":",""
"2011","Austria","Motorways","Kilometre","1,719",""
"2011","Austria","E-roads","Kilometre","2,248",""
"2011","Poland","Motorways","Kilometre","1,070",""
"2011","Poland","E-roads","Kilometre","5,500",""
"2011","Portugal","Motorways","Kilometre","2,737","d"
"2011","Portugal","E-roads","Kilometre","2,250",""
"2011","Romania","Motorways","Kilometre","350",""
"2011","Romania","E-roads","Kilometre","6,188",""
"2011","Slovenia","Motorways","Kilometre","768",""
"2011","Slovenia","E-roads","Kilometre","725",""
"2011","Slovakia","Motorways","Kilometre","419.2",""
"2011","Slovakia","E-roads","Kilometre","1,535.6",""
"2011","Finland","Motorways","Kilometre","790",""
"2011","Finland","E-roads","Kilometre","4,170",""
"2011","Sweden","Motorways","Kilometre","1,957",""
"2011","Sweden","E-roads","Kilometre","6,453",""
"2011","United Kingdom","Motorways","Kilometre","3,685.7","d"
"2011","United Kingdom","E-roads","Kilometre",":",""
"2011","Iceland","Motorways","Kilometre",":",""
"2011","Iceland","E-roads","Kilometre",":",""
"2011","Norway","Motorways","Kilometre","393",""
"2011","Norway","E-roads","Kilometre",":",""
"2011","Switzerland","Motorways","Kilometre","1,415",""
"2011","Switzerland","E-roads","Kilometre","1,466",""
"2011","Former Yugoslav Republic of Macedonia, the","Motorways","Kilometre","259",""
"2011","Former Yugoslav Republic of Macedonia, the","E-roads","Kilometre","553",""
"2011","Turkey","Motorways","Kilometre","2,119",""
"2011","Turkey","E-roads","Kilometre",":",""
"2012","Belgium","Motorways","Kilometre",":",""
"2012","Belgium","E-roads","Kilometre",":",""
"2012","Bulgaria","Motorways","Kilometre","541",""
"2012","Bulgaria","E-roads","Kilometre","2,899",""
"2012","Czechia","Motorways","Kilometre","751",""
"2012","Czechia","E-roads","Kilometre","2,634",""
"2012","Denmark","Motorways","Kilometre",":",""
"2012","Denmark","E-roads","Kilometre",":",""
"2012","Germany (until 1990 former territory of the FRG)","Motorways","Kilometre","12,879",""
"2012","Germany (until 1990 former territory of the FRG)","E-roads","Kilometre",":",""
"2012","Estonia","Motorways","Kilometre","124","d"
"2012","Estonia","E-roads","Kilometre","995",""
"2012","Ireland","Motorways","Kilometre","900",""
"2012","Ireland","E-roads","Kilometre",":",""
"2012","Greece","Motorways","Kilometre",":",""
"2012","Greece","E-roads","Kilometre",":",""
"2012","Spain","Motorways","Kilometre","14,701","d"
"2012","Spain","E-roads","Kilometre",":",""
"2012","France","Motorways","Kilometre","11,413",""
"2012","France","E-roads","Kilometre","13,175",""
"2012","Croatia","Motorways","Kilometre","1,254",""
"2012","Croatia","E-roads","Kilometre","2,251",""
"2012","Italy","Motorways","Kilometre","6,726",""
"2012","Italy","E-roads","Kilometre",":",""
"2012","Cyprus","Motorways","Kilometre","257",""
"2012","Cyprus","E-roads","Kilometre",":",""
"2012","Latvia","Motorways","Kilometre","0",""
"2012","Latvia","E-roads","Kilometre","202",""
"2012","Lithuania","Motorways","Kilometre","309",""
"2012","Lithuania","E-roads","Kilometre","1,642",""
"2012","Luxembourg","Motorways","Kilometre","152",""
"2012","Luxembourg","E-roads","Kilometre",":",""
"2012","Hungary","Motorways","Kilometre","1,515.1",""
"2012","Hungary","E-roads","Kilometre","2,331.5",""
"2012","Malta","Motorways","Kilometre",":",""
"2012","Malta","E-roads","Kilometre",":",""
"2012","Netherlands","Motorways","Kilometre","2,658",""
"2012","Netherlands","E-roads","Kilometre",":",""
"2012","Austria","Motorways","Kilometre","1,719",""
"2012","Austria","E-roads","Kilometre","2,248",""
"2012","Poland","Motorways","Kilometre","1,365",""
"2012","Poland","E-roads","Kilometre","5,500",""
"2012","Portugal","Motorways","Kilometre","2,988","d"
"2012","Portugal","E-roads","Kilometre","2,244","d"
"2012","Romania","Motorways","Kilometre","550",""
"2012","Romania","E-roads","Kilometre","6,263",""
"2012","Slovenia","Motorways","Kilometre","769",""
"2012","Slovenia","E-roads","Kilometre","725",""
"2012","Slovakia","Motorways","Kilometre","419.2",""
"2012","Slovakia","E-roads","Kilometre","1,535.1",""
"2012","Finland","Motorways","Kilometre","780",""
"2012","Finland","E-roads","Kilometre","4,212",""
"2012","Sweden","Motorways","Kilometre","2,004",""
"2012","Sweden","E-roads","Kilometre","6,746",""
"2012","United Kingdom","Motorways","Kilometre","3,732.52",""
"2012","United Kingdom","E-roads","Kilometre",":",""
"2012","Iceland","Motorways","Kilometre",":",""
"2012","Iceland","E-roads","Kilometre",":",""
"2012","Norway","Motorways","Kilometre","392",""
"2012","Norway","E-roads","Kilometre",":",""
"2012","Switzerland","Motorways","Kilometre","1,419",""
"2012","Switzerland","E-roads","Kilometre","1,466",""
"2012","Former Yugoslav Republic of Macedonia, the","Motorways","Kilometre","259",""
"2012","Former Yugoslav Republic of Macedonia, the","E-roads","Kilometre","553",""
"2012","Turkey","Motorways","Kilometre","2,127",""
"2012","Turkey","E-roads","Kilometre","9,361",""
"2013","Belgium","Motorways","Kilometre",":",""
"2013","Belgium","E-roads","Kilometre",":",""
"2013","Bulgaria","Motorways","Kilometre","605",""
"2013","Bulgaria","E-roads","Kilometre","2,899",""
"2013","Czechia","Motorways","Kilometre","776",""
"2013","Czechia","E-roads","Kilometre","2,632",""
"2013","Denmark","Motorways","Kilometre",":",""
"2013","Denmark","E-roads","Kilometre",":",""
"2013","Germany (until 1990 former territory of the FRG)","Motorways","Kilometre","12,917",""
"2013","Germany (until 1990 former territory of the FRG)","E-roads","Kilometre",":",""
"2013","Estonia","Motorways","Kilometre","140","d"
"2013","Estonia","E-roads","Kilometre","995",""
"2013","Ireland","Motorways","Kilometre","897","d"
"2013","Ireland","E-roads","Kilometre",":",""
"2013","Greece","Motorways","Kilometre",":",""
"2013","Greece","E-roads","Kilometre",":",""
"2013","Spain","Motorways","Kilometre","14,981","d"
"2013","Spain","E-roads","Kilometre",":",""
"2013","France","Motorways","Kilometre","11,552",""
"2013","France","E-roads","Kilometre","13,175",""
"2013","Croatia","Motorways","Kilometre","1,289",""
"2013","Croatia","E-roads","Kilometre","2,200",""
"2013","Italy","Motorways","Kilometre","6,751",""
"2013","Italy","E-roads","Kilometre",":",""
"2013","Cyprus","Motorways","Kilometre","257",""
"2013","Cyprus","E-roads","Kilometre",":",""
"2013","Latvia","Motorways","Kilometre","0",""
"2013","Latvia","E-roads","Kilometre","202",""
"2013","Lithuania","Motorways","Kilometre","309",""
"2013","Lithuania","E-roads","Kilometre","1,639",""
"2013","Luxembourg","Motorways","Kilometre","152",""
"2013","Luxembourg","E-roads","Kilometre",":",""
"2013","Hungary","Motorways","Kilometre","1,766.9",""
"2013","Hungary","E-roads","Kilometre","2,351.8",""
"2013","Malta","Motorways","Kilometre",":",""
"2013","Malta","E-roads","Kilometre",":",""
"2013","Netherlands","Motorways","Kilometre","2,666",""
"2013","Netherlands","E-roads","Kilometre",":",""
"2013","Austria","Motorways","Kilometre","1,719",""
"2013","Austria","E-roads","Kilometre","2,248",""
"2013","Poland","Motorways","Kilometre","1,482",""
"2013","Poland","E-roads","Kilometre","5,500",""
"2013","Portugal","Motorways","Kilometre","3,035","d"
"2013","Portugal","E-roads","Kilometre","2,241","d"
"2013","Romania","Motorways","Kilometre","644",""
"2013","Romania","E-roads","Kilometre","6,269",""
"2013","Slovenia","Motorways","Kilometre","769",""
"2013","Slovenia","E-roads","Kilometre","725",""
"2013","Slovakia","Motorways","Kilometre","419.8",""
"2013","Slovakia","E-roads","Kilometre","1,528",""
"2013","Finland","Motorways","Kilometre","810",""
"2013","Finland","E-roads","Kilometre","4,210",""
"2013","Sweden","Motorways","Kilometre","2,044",""
"2013","Sweden","E-roads","Kilometre","6,745",""
"2013","United Kingdom","Motorways","Kilometre","3,756.02",""
"2013","United Kingdom","E-roads","Kilometre",":",""
"2013","Iceland","Motorways","Kilometre",":",""
"2013","Iceland","E-roads","Kilometre",":",""
"2013","Norway","Motorways","Kilometre",":",""
"2013","Norway","E-roads","Kilometre",":",""
"2013","Switzerland","Motorways","Kilometre","1,419",""
"2013","Switzerland","E-roads","Kilometre","1,466",""
"2013","Former Yugoslav Republic of Macedonia, the","Motorways","Kilometre","259",""
"2013","Former Yugoslav Republic of Macedonia, the","E-roads","Kilometre","553",""
"2013","Turkey","Motorways","Kilometre","2,127",""
"2013","Turkey","E-roads","Kilometre","9,353",""
"2014","Belgium","Motorways","Kilometre",":",""
"2014","Belgium","E-roads","Kilometre",":",""
"2014","Bulgaria","Motorways","Kilometre","610",""
"2014","Bulgaria","E-roads","Kilometre","2,926",""
"2014","Czechia","Motorways","Kilometre","776",""
"2014","Czechia","E-roads","Kilometre","2,628",""
"2014","Denmark","Motorways","Kilometre",":",""
"2014","Denmark","E-roads","Kilometre",":",""
"2014","Germany (until 1990 former territory of the FRG)","Motorways","Kilometre","12,949",""
"2014","Germany (until 1990 former territory of the FRG)","E-roads","Kilometre",":",""
"2014","Estonia","Motorways","Kilometre","141",""
"2014","Estonia","E-roads","Kilometre","995",""
"2014","Ireland","Motorways","Kilometre","897",""
"2014","Ireland","E-roads","Kilometre",":",""
"2014","Greece","Motorways","Kilometre",":",""
"2014","Greece","E-roads","Kilometre",":",""
"2014","Spain","Motorways","Kilometre","15,049","d"
"2014","Spain","E-roads","Kilometre","0","d"
"2014","France","Motorways","Kilometre","11,560",""
"2014","France","E-roads","Kilometre","13,175",""
"2014","Croatia","Motorways","Kilometre","1,290",""
"2014","Croatia","E-roads","Kilometre","2,251",""
"2014","Italy","Motorways","Kilometre","6,844",""
"2014","Italy","E-roads","Kilometre",":",""
"2014","Cyprus","Motorways","Kilometre","257",""
"2014","Cyprus","E-roads","Kilometre",":",""
"2014","Latvia","Motorways","Kilometre","0",""
"2014","Latvia","E-roads","Kilometre","202",""
"2014","Lithuania","Motorways","Kilometre","309",""
"2014","Lithuania","E-roads","Kilometre","1,639",""
"2014","Luxembourg","Motorways","Kilometre","152",""
"2014","Luxembourg","E-roads","Kilometre",":",""
"2014","Hungary","Motorways","Kilometre","1,781.8",""
"2014","Hungary","E-roads","Kilometre","2,345.3",""
"2014","Malta","Motorways","Kilometre",":",""
"2014","Malta","E-roads","Kilometre",":",""
"2014","Netherlands","Motorways","Kilometre","2,678",""
"2014","Netherlands","E-roads","Kilometre",":",""
"2014","Austria","Motorways","Kilometre","1,719",""
"2014","Austria","E-roads","Kilometre","2,248",""
"2014","Poland","Motorways","Kilometre","1,556",""
"2014","Poland","E-roads","Kilometre","5,500",""
"2014","Portugal","Motorways","Kilometre","3,065","d"
"2014","Portugal","E-roads","Kilometre","2,241",""
"2014","Romania","Motorways","Kilometre","683",""
"2014","Romania","E-roads","Kilometre","6,194",""
"2014","Slovenia","Motorways","Kilometre","769",""
"2014","Slovenia","E-roads","Kilometre","725",""
"2014","Slovakia","Motorways","Kilometre","419.7",""
"2014","Slovakia","E-roads","Kilometre","1,523.5",""
"2014","Finland","Motorways","Kilometre","881",""
"2014","Finland","E-roads","Kilometre","4,216",""
"2014","Sweden","Motorways","Kilometre","2,088",""
"2014","Sweden","E-roads","Kilometre","6,742",""
"2014","United Kingdom","Motorways","Kilometre","3,759.62",""
"2014","United Kingdom","E-roads","Kilometre",":",""
"2014","Iceland","Motorways","Kilometre",":",""
"2014","Iceland","E-roads","Kilometre",":",""
"2014","Norway","Motorways","Kilometre",":",""
"2014","Norway","E-roads","Kilometre",":",""
"2014","Switzerland","Motorways","Kilometre","1,429",""
"2014","Switzerland","E-roads","Kilometre","1,466","d"
"2014","Former Yugoslav Republic of Macedonia, the","Motorways","Kilometre","259",""
"2014","Former Yugoslav Republic of Macedonia, the","E-roads","Kilometre","553",""
"2014","Turkey","Motorways","Kilometre","2,282",""
"2014","Turkey","E-roads","Kilometre","9,353",""
"2015","Belgium","Motorways","Kilometre",":",""
"2015","Belgium","E-roads","Kilometre",":",""
"2015","Bulgaria","Motorways","Kilometre","734",""
"2015","Bulgaria","E-roads","Kilometre","2,926",""
"2015","Czechia","Motorways","Kilometre","776",""
"2015","Czechia","E-roads","Kilometre","2,628",""
"2015","Denmark","Motorways","Kilometre",":",""
"2015","Denmark","E-roads","Kilometre",":",""
"2015","Germany (until 1990 former territory of the FRG)","Motorways","Kilometre","12,993",""
"2015","Germany (until 1990 former territory of the FRG)","E-roads","Kilometre",":",""
"2015","Estonia","Motorways","Kilometre","147",""
"2015","Estonia","E-roads","Kilometre","953",""
"2015","Ireland","Motorways","Kilometre","916",""
"2015","Ireland","E-roads","Kilometre",":",""
"2015","Greece","Motorways","Kilometre",":",""
"2015","Greece","E-roads","Kilometre",":",""
"2015","Spain","Motorways","Kilometre","15,336","d"
"2015","Spain","E-roads","Kilometre",":",""
"2015","France","Motorways","Kilometre","11,599",""
"2015","France","E-roads","Kilometre","12,797",""
"2015","Croatia","Motorways","Kilometre","1,310",""
"2015","Croatia","E-roads","Kilometre","2,251",""
"2015","Italy","Motorways","Kilometre","6,943",""
"2015","Italy","E-roads","Kilometre",":",""
"2015","Cyprus","Motorways","Kilometre","272",""
"2015","Cyprus","E-roads","Kilometre",":",""
"2015","Latvia","Motorways","Kilometre","0",""
"2015","Latvia","E-roads","Kilometre","202",""
"2015","Lithuania","Motorways","Kilometre","309",""
"2015","Lithuania","E-roads","Kilometre","1,639",""
"2015","Luxembourg","Motorways","Kilometre","161",""
"2015","Luxembourg","E-roads","Kilometre",":",""
"2015","Hungary","Motorways","Kilometre","1,883.9",""
"2015","Hungary","E-roads","Kilometre","2,348.2",""
"2015","Malta","Motorways","Kilometre",":",""
"2015","Malta","E-roads","Kilometre",":",""
"2015","Netherlands","Motorways","Kilometre","2,730",""
"2015","Netherlands","E-roads","Kilometre",":",""
"2015","Austria","Motorways","Kilometre",":",""
"2015","Austria","E-roads","Kilometre",":",""
"2015","Poland","Motorways","Kilometre","1,559",""
"2015","Poland","E-roads","Kilometre","5,500",""
"2015","Portugal","Motorways","Kilometre","3,065","d"
"2015","Portugal","E-roads","Kilometre","2,241","d"
"2015","Romania","Motorways","Kilometre","747",""
"2015","Romania","E-roads","Kilometre","6,193",""
"2015","Slovenia","Motorways","Kilometre","773",""
"2015","Slovenia","E-roads","Kilometre","725",""
"2015","Slovakia","Motorways","Kilometre","463.1",""
"2015","Slovakia","E-roads","Kilometre","1,520.1",""
"2015","Finland","Motorways","Kilometre","881",""
"2015","Finland","E-roads","Kilometre","4,286",""
"2015","Sweden","Motorways","Kilometre","2,119",""
"2015","Sweden","E-roads","Kilometre","6,744",""
"2015","United Kingdom","Motorways","Kilometre","3,768.43",""
"2015","United Kingdom","E-roads","Kilometre",":",""
"2015","Iceland","Motorways","Kilometre",":",""
"2015","Iceland","E-roads","Kilometre",":",""
"2015","Norway","Motorways","Kilometre",":",""
"2015","Norway","E-roads","Kilometre",":",""
"2015","Switzerland","Motorways","Kilometre","1,440",""
"2015","Switzerland","E-roads","Kilometre",":",""
"2015","Former Yugoslav Republic of Macedonia, the","Motorways","Kilometre","259",""
"2015","Former Yugoslav Republic of Macedonia, the","E-roads","Kilometre","553",""
"2015","Turkey","Motorways","Kilometre","2,159",""
"2015","Turkey","E-roads","Kilometre","9,353",""
"2016","Belgium","Motorways","Kilometre",":",""
"2016","Belgium","E-roads","Kilometre",":",""
"2016","Bulgaria","Motorways","Kilometre","740",""
"2016","Bulgaria","E-roads","Kilometre","2,953",""
"2016","Czechia","Motorways","Kilometre","1,222.661","d"
"2016","Czechia","E-roads","Kilometre","2,627.91",""
"2016","Denmark","Motorways","Kilometre","1,255",""
"2016","Denmark","E-roads","Kilometre","945",""
"2016","Germany (until 1990 former territory of the FRG)","Motorways","Kilometre","12,996",""
"2016","Germany (until 1990 former territory of the FRG)","E-roads","Kilometre",":",""
"2016","Estonia","Motorways","Kilometre","145",""
"2016","Estonia","E-roads","Kilometre","953",""
"2016","Ireland","Motorways","Kilometre","916",""
"2016","Ireland","E-roads","Kilometre",":",""
"2016","Greece","Motorways","Kilometre",":",""
"2016","Greece","E-roads","Kilometre",":",""
"2016","Spain","Motorways","Kilometre","15,444",""
"2016","Spain","E-roads","Kilometre",":",""
"2016","France","Motorways","Kilometre","11,612",""
"2016","France","E-roads","Kilometre","12,797",""
"2016","Croatia","Motorways","Kilometre","1,310",""
"2016","Croatia","E-roads","Kilometre","2,251",""
"2016","Italy","Motorways","Kilometre",":",""
"2016","Italy","E-roads","Kilometre",":",""
"2016","Cyprus","Motorways","Kilometre","272",""
"2016","Cyprus","E-roads","Kilometre",":",""
"2016","Latvia","Motorways","Kilometre","0",""
"2016","Latvia","E-roads","Kilometre","202",""
"2016","Lithuania","Motorways","Kilometre","314",""
"2016","Lithuania","E-roads","Kilometre","1,639",""
"2016","Luxembourg","Motorways","Kilometre","161",""
"2016","Luxembourg","E-roads","Kilometre",":",""
"2016","Hungary","Motorways","Kilometre","1,924",""
"2016","Hungary","E-roads","Kilometre","2,338.9",""
"2016","Malta","Motorways","Kilometre",":",""
"2016","Malta","E-roads","Kilometre",":",""
"2016","Netherlands","Motorways","Kilometre","2,756",""
"2016","Netherlands","E-roads","Kilometre",":",""
"2016","Austria","Motorways","Kilometre",":",""
"2016","Austria","E-roads","Kilometre",":",""
"2016","Poland","Motorways","Kilometre","1,640",""
"2016","Poland","E-roads","Kilometre","5,500",""
"2016","Portugal","Motorways","Kilometre","3,065","d"
"2016","Portugal","E-roads","Kilometre","2,241","d"
"2016","Romania","Motorways","Kilometre","747",""
"2016","Romania","E-roads","Kilometre","6,200",""
"2016","Slovenia","Motorways","Kilometre","773",""
"2016","Slovenia","E-roads","Kilometre","725",""
"2016","Slovakia","Motorways","Kilometre","463.2",""
"2016","Slovakia","E-roads","Kilometre","1,520.76",""
"2016","Finland","Motorways","Kilometre","890",""
"2016","Finland","E-roads","Kilometre","4,286",""
"2016","Sweden","Motorways","Kilometre","2,118",""
"2016","Sweden","E-roads","Kilometre","6,745",""
"2016","United Kingdom","Motorways","Kilometre","3,764.33",""
"2016","United Kingdom","E-roads","Kilometre",":",""
"2016","Iceland","Motorways","Kilometre",":",""
"2016","Iceland","E-roads","Kilometre",":",""
"2016","Norway","Motorways","Kilometre",":",""
"2016","Norway","E-roads","Kilometre",":",""
"2016","Switzerland","Motorways","Kilometre","1,447",""
"2016","Switzerland","E-roads","Kilometre",":",""
"2016","Former Yugoslav Republic of Macedonia, the","Motorways","Kilometre","259",""
"2016","Former Yugoslav Republic of Macedonia, the","E-roads","Kilometre","553",""
"2016","Turkey","Motorways","Kilometre","2,542",""
"2016","Turkey","E-roads","Kilometre","9,353",""
